Time(s),Kn,Chamber Pressure(Pa),Thrust(N),Propellant Mass(G1;kg),Propellant Mass(G2;kg),Propellant Mass(G3;kg),Volume Loading(%),Mass Flow(G1;kg/s),Mass Flow(G2;kg/s),Mass Flow(G3;kg/s),Mass Flux(G1;kg/(m^2*s)),Mass Flux(G2;kg/(m^2*s)),Mass Flux(G3;kg/(m^2*s)),Regression Depth(G1;m),Regression Depth(G2;m),Regression Depth(G3;m),Web(G1;m),Web(G2;m),Web(G3;m),Nozzle Exit Pressure(Pa),Change in Throat Diameter(m)
0,549.38234,6732039052.55134,0,3.32161,2.86796,2.62314,75.04385,0,0,0,0,0,0,0,0,0,0.0328,0.04611,0.03146,0,0
0.0001,549.63603,6738017113.2761,2932825.93415,3.32161,2.86796,2.62314,73.81567,0.0,0.0,0.0,94913.11587,114808.07195,87021.38921,0.00051,0.00051,0.00051,0.0323,0.0456,0.03095,139932099.21284,0.0
0.0002,549.79736,6741820034.62267,2934481.21435,3.26667,2.82569,2.57611,72.58651,549.32744,971.9757,1442.30304,92856.78958,315697.12181,300021.81272,0.00101,0.00101,0.00101,0.03179,0.0451,0.03045,140011076.56749,0.0
0.0003,549.8662,6743443179.50622,2935187.71321,3.21167,2.78341,2.52906,71.35675,550.07788,972.91021,1443.4624,90845.6755,305605.86829,292608.39859,0.00152,0.00152,0.00152,0.03129,0.04459,0.02994,140044785.30807,0.0
0.0004,549.8425,6742884276.2671,2934944.44195,3.1566,2.74112,2.48199,70.1268,550.66259,973.53246,1444.15557,88878.47537,295908.97239,285383.3637,0.00202,0.00202,0.00202,0.03078,0.04409,0.02944,140033178.25778,0.0
0.0005,549.72624,6740143424.17493,2933751.44378,3.10149,2.69884,2.43494,68.89705,551.08105,973.84177,1444.3817,86953.95079,286585.40567,278340.49248,0.00253,0.00253,0.00253,0.03028,0.04358,0.02893,139976257.4782,0.0
0.0006,549.51747,6735223094.13867,2931609.7942,3.04636,2.65659,2.38791,67.66791,551.33295,973.83779,1444.14043,85070.91966,277615.61233,271473.8755,0.00303,0.00303,0.00303,0.02977,0.04308,0.02842,139874074.28406,0.0
0.0007,549.21631,6728128124.61783,2928521.59922,2.99122,2.61438,2.34092,66.43977,551.41811,973.52055,1443.43191,83228.25285,268981.38521,264777.89045,0.00354,0.00354,0.00354,0.02927,0.04257,0.02792,139726729.15831,0.0
0.0008,548.82292,6718865712.74523,2924489.99151,2.93608,2.57223,2.29398,65.21302,551.33656,972.89037,1442.2568,81424.87106,260665.75392,258247.18442,0.00404,0.00404,0.00404,0.02876,0.04207,0.02741,139534371.56774,0.0
0.0009,548.33752,6707445400.68668,2919519.12444,2.88097,2.53014,2.24711,63.98807,551.08849,971.94795,1440.61628,79659.7419,252652.88353,251876.65745,0.00455,0.00455,0.00455,0.02826,0.04156,0.02691,139297199.67976,0.0
0.001,547.76039,6693879057.27795,2913614.16411,2.82591,2.48814,2.20033,62.7653,550.67426,970.6943,1438.51201,77931.87716,244927.9829,245661.4471,0.00505,0.00505,0.00505,0.02775,0.04106,0.0264,139015459.98098,0.0
0.0011,547.09186,6678180854.99427,2906781.2793,2.7709,2.44624,2.15365,61.54511,550.09443,969.13078,1435.94617,76240.33026,237477.22148,239596.91417,0.00556,0.00556,0.00556,0.02725,0.04055,0.0259,138689446.79899,0.0
0.0012,546.33234,6660367242.322,2899027.62947,2.71596,2.40445,2.10709,60.32788,549.34971,967.25908,1432.92143,74584.19384,230287.65376,233678.62931,0.00606,0.00606,0.00606,0.02674,0.04005,0.0254,138319501.72852,0.0
0.0013,545.48226,6640456911.61669,2890361.35076,2.66112,2.36278,2.06065,59.114,548.44098,965.08121,1429.44096,72962.59748,223347.15053,227902.36056,0.00656,0.00656,0.00656,0.02624,0.03955,0.02489,137906012.96398,0.0
0.0014,544.54213,6618470762.54511,2880791.54007,2.60638,2.32126,2.01436,57.90385,547.3693,962.59953,1425.50839,71374.70563,216644.33629,222264.06165,0.00707,0.00707,0.00707,0.02574,0.03904,0.02439,137449414.54022,0.0
0.0015,543.51251,6594431861.22299,2870328.23729,2.55177,2.27989,1.96823,56.69781,546.13591,959.8167,1421.12786,69819.71561,210168.5322,216759.86116,0.00757,0.00757,0.00757,0.02524,0.03854,0.02389,136950185.48392,0.0
0.0016,542.39401,6568365395.17259,2858982.40566,2.49729,2.23869,1.92227,55.49625,544.74217,956.7357,1416.30396,68296.85575,203909.70397,211386.05227,0.00807,0.00807,0.00807,0.02474,0.03804,0.02339,136408848.87819,0.0
0.0017,541.18729,6540298624.23708,2846765.91047,2.44297,2.19767,1.8765,54.29954,543.18966,953.35981,1411.04176,66805.38362,197858.4142,206139.08329,0.00857,0.00857,0.00857,0.02424,0.03754,0.02289,135825970.84313,0.0
0.0018,539.89307,6510260827.60034,2833691.49592,2.38883,2.15685,1.83094,53.10804,541.48008,949.69264,1405.34677,65344.58445,192005.77887,201015.54871,0.00906,0.00906,0.00906,0.02374,0.03705,0.02239,135202159.43565,0.0
0.0019,538.51212,6478283247.07212,2819772.7605,2.33486,2.11624,1.78559,51.92211,539.6153,945.73808,1399.22493,63913.76952,186343.42733,196012.18083,0.00956,0.00956,0.00956,0.02324,0.03655,0.0219,134538063.47153,0.0
0.002,537.04526,6444399026.80914,2805024.1307,2.28111,2.07585,1.74047,50.74211,537.59733,941.5003,1392.68263,62512.27478,180863.46578,191125.84199,0.01006,0.01006,0.01006,0.02275,0.03605,0.0214,133834371.27368,0.0
0.0021,535.49336,6408643149.6522,2789460.83336,2.22756,2.03569,1.6956,49.56837,535.42835,936.98376,1385.72667,61139.45941,175558.44359,186353.51722,0.01055,0.01055,0.01055,0.02225,0.03556,0.02091,133091809.34995,0.0
0.0022,533.85733,6371052370.26881,2773098.86651,2.17425,1.99579,1.65098,48.40125,533.11066,932.19319,1378.36425,59794.70462,170421.32241,181692.30734,0.01105,0.01105,0.01105,0.02176,0.03506,0.02041,132311141.00469,0.0
0.0023,532.13813,6331665145.29888,2755954.96899,2.12119,1.95614,1.60663,47.24106,530.64672,927.1336,1370.60297,58477.4124,165445.44781,177139.42256,0.01154,0.01154,0.01154,0.02127,0.03457,0.01992,131493164.88804,0.0
0.0024,530.33679,6290521560.70845,2738046.58884,2.06838,1.91676,1.56257,46.08815,528.03911,921.81022,1362.45078,57187.00442,160624.52308,172692.17643,0.01203,0.01203,0.01203,0.02078,0.03408,0.01943,130638713.48727,0.0
0.0025,528.45434,6247663256.56315,2719391.85054,2.01585,1.87767,1.5188,44.94282,525.29055,916.22854,1353.91602,55922.92094,155952.58512,168347.98017,0.01252,0.01252,0.01252,0.02029,0.03359,0.01894,129748651.56446,0.0
0.0026,526.49191,6203133349.43871,2700009.52125,1.96361,1.83887,1.47534,43.80539,522.40387,910.3943,1345.00737,54684.61983,151423.98219,164104.33735,0.01301,0.01301,0.01301,0.0198,0.0331,0.01845,128823874.54521,0.0
0.0027,524.45061,6156976352.69057,2679918.97609,1.91168,1.80037,1.4322,42.67615,519.38203,904.31343,1335.73382,53471.57562,147033.35342,159958.83893,0.01349,0.01349,0.01349,0.01931,0.03262,0.01797,127865306.8628,0.0
0.0028,522.33165,6109238094.80898,2659140.16262,1.86005,1.7622,1.38938,41.55541,516.22811,897.99209,1326.1047,52283.27863,142775.60977,155909.15851,0.01397,0.01397,0.01397,0.01883,0.03213,0.01748,126873900.26263,0.0
0.0029,520.13623,6059965636.0884,2637693.56456,1.80876,1.72435,1.34691,40.44346,512.94527,891.43664,1316.1296,51119.23414,138645.91654,151953.04801,0.01446,0.01446,0.01446,0.01835,0.03165,0.017,125850632.07167,0.0
0.003,517.86563,6009207183.8429,2615600.16488,1.7578,1.68684,1.3048,39.34055,509.53682,884.65362,1305.81841,49978.96158,134639.67711,148088.33348,0.01494,0.01494,0.01494,0.01787,0.03117,0.01652,124796503.43767,0.0
0.0031,515.52114,5957012006.39987,2592881.40839,1.7072,1.64967,1.26305,38.24698,506.00611,877.64974,1295.18129,48861.99386,130752.51787,144312.91127,0.01542,0.01542,0.01542,0.01739,0.03069,0.01604,123712537.54302,0.0
0.0032,513.1041,5903430346.10518,2569559.16383,1.65697,1.61287,1.22167,37.16299,502.35662,870.4319,1284.2286,47767.87661,126980.27434,140624.74434,0.01589,0.01589,0.01589,0.01691,0.03022,0.01557,122599777.79808,0.0
0.0033,510.61587,5848513331.57218,2545655.68574,1.60711,1.57642,1.18067,36.08884,498.59189,863.00712,1272.97098,46696.16757,123318.97815,137021.85888,0.01637,0.01637,0.01637,0.01644,0.02974,0.01509,121459286.01883,0.0
0.0034,508.05786,5792312889.40574,2521193.57597,1.55764,1.54036,1.14007,35.02477,494.71557,855.38258,1261.41921,45646.43599,119764.84513,133502.34106,0.01684,0.01684,0.01684,0.01597,0.02927,0.01462,120292140.59358,0.0
0.0035,505.43148,5734881655.63029,2496195.74515,1.50856,1.50467,1.09986,33.97101,490.73133,847.56558,1249.58431,44618.26204,116314.26408,130064.33405,0.01731,0.01731,0.01731,0.01549,0.0288,0.01415,119099434.64353,0.0
0.0036,502.73822,5676272887.04784,2470685.37413,1.4599,1.46938,1.06007,32.92777,486.64296,839.56352,1237.47744,43611.23627,112963.78645,126706.03514,0.01778,0.01778,0.01778,0.01503,0.02833,0.01368,117882274.1819,0.0
0.0037,499.97955,5616540372.74819,2444685.87545,1.41165,1.43449,1.0207,31.89529,482.45426,831.38394,1225.10989,42624.95913,109710.11666,123425.6931,0.01824,0.01824,0.01824,0.01456,0.02787,0.01321,116641776.27626,0.0
0.0038,497.15698,5555738345.98915,2418220.85497,1.36384,1.4,0.98175,30.87374,478.16912,823.03442,1212.49312,41659.04045,106550.10317,120221.60568,0.01871,0.01871,0.01871,0.0141,0.0274,0.01275,115379067.21842,0.0
0.0039,494.27206,5493921396.65916,2391314.07377,1.31646,1.36593,0.94324,29.86334,473.79145,814.52266,1199.63867,40713.09908,103480.7301,117092.11725,0.01917,0.01917,0.01917,0.01364,0.02694,0.01229,114095280.70657,0.0
0.004,491.32635,5431144384.52906,2363989.41043,1.26953,1.33228,0.90517,28.86426,469.32521,805.85639,1186.55818,39786.76237,100499.10943,114035.61658,0.01963,0.01963,0.01963,0.01318,0.02648,0.01183,112791556.04366,0.0
0.0041,488.32144,5367462353.49308,2336270.82363,1.22305,1.29905,0.86755,27.87667,464.77439,797.0434,1173.26336,38879.66587,97602.47378,111050.53477,0.02008,0.02008,0.02008,0.01272,0.02603,0.01138,111469036.35646,0.0
0.0042,485.25891,5302930446.99203,2308182.31543,1.17703,1.26625,0.83038,26.90073,460.14301,788.09153,1159.76596,37991.45291,94788.16959,108135.34332,0.02053,0.02053,0.02053,0.01227,0.02558,0.01092,110128866.83906,0.0
0.0043,482.1404,5237603824.80412,2279747.89496,1.13149,1.2339,0.79368,25.93661,455.43511,779.00864,1146.07778,37121.77426,92053.65083,105288.55229,0.02098,0.02098,0.02098,0.01182,0.02512,0.01047,108772193.02486,0.0
0.0044,478.96754,5171537581.38054,2250991.54293,1.08642,1.20198,0.75743,24.98444,450.65473,769.80259,1132.21064,36270.28785,89396.47309,102508.70853,0.02143,0.02143,0.02143,0.01137,0.02468,0.01002,107400159.09055,0.0
0.0045,475.74198,5104786665.89452,2221937.17682,1.04184,1.17051,0.72167,24.04435,445.80593,760.48127,1118.17635,35436.65842,86814.28806,99794.39415,0.02188,0.02188,0.02188,0.01093,0.02423,0.00958,106013906.19577,0.0
0.0046,472.46539,5037405804.16329,2192608.61688,0.99775,1.1395,0.68637,23.11646,440.89277,751.05255,1103.98671,34620.55726,84304.83839,97144.22496,0.02232,0.02232,0.02232,0.01048,0.02379,0.00914,104614570.86161,0.0
0.0047,469.13944,4969449422.59338,2163029.55306,0.95416,1.10894,0.65156,22.20089,435.91932,741.52425,1089.65346,33821.66196,81865.95285,94556.84901,0.02276,0.02276,0.02276,0.01004,0.02335,0.0087,103203283.39111,0.0
0.0048,465.76581,4900971574.28974,2133223.51279,0.91107,1.07884,0.61723,21.29775,430.88961,731.90421,1075.18833,33039.65614,79495.5418,92030.94534,0.0232,0.0232,0.0232,0.00961,0.02291,0.00826,101781166.33476,0.0
0.0049,462.3462,4832025867.45935,2103213.82987,0.86849,1.0492,0.58339,20.40711,425.80768,722.20019,1060.60293,32274.22922,77191.59301,89565.22264,0.02363,0.02363,0.02363,0.00917,0.02248,0.00783,100349333.00364,0.0
0.005,458.88232,4762665396.22985,2073023.61435,0.82643,1.02002,0.55004,19.52907,420.67753,712.41991,1045.90884,31525.07625,74952.16769,87158.41812,0.02406,0.02406,0.02406,0.00874,0.02205,0.0074,98908886.03261,0.0
0.0051,455.37585,4692942673.99347,2042675.72349,0.78488,0.99132,0.51719,18.6637,415.50316,702.57103,1031.1175,30791.89763,72775.39676,84809.2964,0.02449,0.02449,0.02449,0.00831,0.02162,0.00697,97460915.99612,0.0
0.0052,451.82852,4622909569.37616,2012192.73391,0.74385,0.96308,0.48483,17.81106,410.28851,692.66112,1016.24026,30074.399,70659.47738,82516.64846,0.02491,0.02491,0.02491,0.00789,0.0212,0.00654,96006500.07839,0.0
0.0053,448.24203,4552617244.92123,1981596.91489,0.70334,0.93531,0.45297,16.97121,405.03749,682.69768,1001.28832,29372.29101,68602.66972,80279.29067,0.02534,0.02534,0.02534,0.00747,0.02077,0.00612,94546700.80003,0.0
0.0054,444.6181,4482116098.56653,1950910.20292,0.66337,0.90802,0.42161,16.14419,399.75399,672.68813,986.27276,28685.2892,66603.29388,78096.06388,0.02576,0.02576,0.02576,0.00705,0.02035,0.0057,93082564.80268,0.0
0.0055,440.95842,4411455707.98373,1920154.17744,0.62392,0.8812,0.39075,15.33003,394.44183,662.63977,971.2045,28013.11381,64659.727,75965.83256,0.02617,0.02617,0.02617,0.00663,0.01994,0.00529,91615121.69305,0.0
0.0056,437.26472,4340684777.83761,1889350.03791,0.58501,0.85485,0.3604,14.52877,389.1048,652.5598,956.09428,27355.48966,62770.4006,73887.48402,0.02658,0.02658,0.02658,0.00622,0.01953,0.00487,90145382.94764,0.0
0.0057,433.53869,4269851090.01361,1858518.58213,0.54664,0.82898,0.33055,13.74043,383.74661,642.45529,940.95268,26712.14602,60933.79803,71859.92761,0.02699,0.02699,0.02699,0.00581,0.01912,0.00446,88674340.8791,0.0
0.0058,429.78202,4199001456.85097,1827680.1859,0.5088,0.80359,0.30121,12.965,378.37093,632.33322,925.79007,26082.81646,59148.45209,69882.09403,0.0274,0.0274,0.0274,0.00541,0.01871,0.00406,87202967.66496,0.0
0.0059,425.99642,4128181677.40978,1796854.78396,0.4715,0.77867,0.27236,12.20249,372.98137,622.2004,910.61664,25467.2388,57412.94278,67952.93471,0.0278,0.0278,0.0278,0.005,0.01831,0.00366,85732214.43943,0.0
0.006,422.18356,4057436496.7897,1766061.85231,0.43474,0.75422,0.24403,11.4529,367.58148,612.06352,895.44237,24865.1549,55725.89521,66071.42112,0.0282,0.0282,0.0282,0.0046,0.01791,0.00326,84263010.44857,0.0
0.0061,418.34511,3986809568.50936,1735320.39181,0.39853,0.73024,0.21619,10.7162,362.17471,601.92913,880.27699,24276.31068,54085.97763,64236.5442,0.0286,0.0286,0.0286,0.00421,0.01751,0.00286,82796262.26893,0.0
0.0062,414.48274,3916343419.94589,1704648.91317,0.36285,0.70674,0.18886,9.99239,356.76447,591.80363,865.13004,23700.45593,52491.89952,62447.31387,0.02899,0.02899,0.02899,0.00381,0.01712,0.00247,81332853.08992,0.0
0.0063,410.5981,3846079420.82527,1674065.42319,0.32772,0.6837,0.16203,9.28141,351.35408,581.69324,850.0108,23137.34427,50942.40988,60702.75844,0.02938,0.02938,0.02938,0.00342,0.01673,0.00208,79873642.05932,0.0
0.0064,406.69283,3776057754.74584,1643587.41241,0.29312,0.66114,0.13569,8.58324,345.94678,571.60406,834.92831,22586.73308,49436.29552,59001.92414,0.02977,0.02977,0.02977,0.00304,0.01634,0.00169,78419463.69198,0.0
0.0065,402.76855,3706317393.70894,1613231.84398,0.25907,0.63904,0.10986,7.89782,340.54576,561.542,819.89138,22048.38338,47972.37956,57343.87471,0.03015,0.03015,0.03015,0.00265,0.01596,0.00131,76971127.34085,0.0
0.0066,398.82688,3636896075.62301,1583015.14393,0.22555,0.6174,0.08452,7.22512,335.15408,551.51279,804.90855,21522.05983,46549.51989,55727.69093,0.03053,0.03053,0.03053,0.00228,0.01558,0.00093,75529416.72976,0.0
0.0067,394.86939,3567830284.74013,1552953.19258,0.19257,0.59623,0.05967,6.56505,329.77474,541.52203,789.98808,21007.5306,45166.60785,54152.47021,0.0309,0.0309,0.0309,0.0019,0.0152,0.00055,74095089.54721,0.0
0.0068,390.89767,3499155234.97692,1523061.31733,0.16013,0.57551,0.03532,5.91757,324.41067,531.5751,775.138,20504.56732,43822.56684,52617.32626,0.03128,0.03128,0.03128,0.00153,0.01483,0.00018,72668877.09994,0.0
0.0069,265.63796,1664953086.87,724696.52573,0.12823,0.55525,0.01145,5.28259,319.06469,521.67723,760.36605,20012.94508,42516.35115,51121.38867,0.03165,0.03165,0.03165,0.00116,0.01446,-0.00019,34576994.4807,0.0
0.007,263.78913,1642745445.01324,715030.30689,0.09685,0.53544,0,4.97997,313.73953,511.83345,511.83345,13863.90122,37378.5968,0,0.03191,0.03191,0.03165,0.0009,0.0142,0,34115796.19472,0.0
0.0071,261.93621,1620632311.95214,705405.22446,0.07503,0.52173,0,4.6814,218.25821,355.38065,355.38065,13631.58528,28589.04548,0,0.03216,0.03216,0.03165,0.00064,0.01395,0,33656560.62476,0.0
0.0072,260.07954,1598618759.85561,695823.48618,0.05346,0.50823,0,4.38685,215.68824,350.62916,350.62916,13402.93263,27988.94895,0,0.03242,0.03242,0.03165,0.00039,0.01369,0,33199393.10734,0.0
0.0073,258.21947,1576709722.13467,686287.2394,0.03214,0.49496,0,4.09631,213.12653,345.89819,345.89819,13177.89333,27400.68259,0,0.03267,0.03267,0.03165,0.00013,0.01344,0,32744396.09732,0.0
0.0074,97.73876,243535263.066,106002.48165,0.01109,0.4819,0,3.80977,210.57366,341.18883,341.18883,12956.41799,26824.02577,0,0.03292,0.03292,0.03165,-0.00012,0.01319,0,5057630.46016,0.0
0.0075,97.33658,241612271.18621,105165.46976,0,0.46905,0,3.76544,0,128.47191,128.47191,0,3602.60178,0,0.03292,0.03302,0.03165,0,0.01308,0,5017694.63245,0.0
0.0076,96.93466,239697835.00783,104332.18186,0,0.46384,0,3.72146,0,52.05608,52.05608,0,3564.57053,0,0.03292,0.03313,0.03165,0,0.01298,0,4977936.4857,0.0
0.0077,96.53302,237792008.7076,103502.64156,0,0.45868,0,3.67783,0,51.64466,51.64466,0,3526.91568,0,0.03292,0.03323,0.03165,0,0.01288,0,4938357.145,0.0
0.0078,96.13167,235894844.92268,102676.87174,0,0.45356,0,3.63455,0,51.23508,51.23508,0,3489.63383,0,0.03292,0.03333,0.03165,0,0.01278,0,4898957.70352,0.0
0.0079,95.73062,234006394.76013,101854.89466,0,0.44847,0,3.59162,0,50.82735,50.82735,0,3452.72159,0,0.03292,0.03343,0.03165,0,0.01268,0,4859739.22261,0.0
0.008,95.32988,232126707.80683,101036.73191,0,0.44343,0,3.54902,0,50.42148,50.42148,0,3416.17561,0,0.03292,0.03353,0.03165,0,0.01258,0,4820702.73208,0.0
0.0081,94.92947,230255832.13935,100222.4044,0,0.43843,0,3.50678,0,50.01748,50.01748,0,3379.99257,0,0.03292,0.03363,0.03165,0,0.01248,0,4781849.23036,0.0
0.0082,94.52941,228393814.33419,99411.93242,0,0.43347,0,3.46487,0,49.61535,49.61535,0,3344.16918,0,0.03292,0.03373,0.03165,0,0.01238,0,4743179.68472,0.0
0.0083,94.1297,226540699.47808,98605.33558,0,0.42855,0,3.4233,0,49.21512,49.21512,0,3308.70216,0,0.03292,0.03383,0.03165,0,0.01228,0,4704695.03152,0.0
0.0084,93.73036,224696531.17854,97802.63286,0,0.42366,0,3.38206,0,48.81679,48.81679,0,3273.58828,0,0.03292,0.03393,0.03165,0,0.01218,0,4666396.17636,0.0
0.0085,93.33141,222861351.5745,97003.84262,0,0.41882,0,3.34117,0,48.42036,48.42036,0,3238.82432,0,0.03292,0.03403,0.03165,0,0.01208,0,4628283.99438,0.0
0.0086,92.93285,221035201.34722,96208.98255,0,0.41402,0,3.30061,0,48.02586,48.02586,0,3204.40709,0,0.03292,0.03413,0.03165,0,0.01198,0,4590359.33042,0.0
0.0087,92.53469,219218119.73125,95418.06973,0,0.40926,0,3.26038,0,47.63328,47.63328,0,3170.33344,0,0.03292,0.03423,0.03165,0,0.01188,0,4552622.99929,0.0
0.0088,92.13696,217410144.52559,94631.12062,0,0.40453,0,3.22048,0,47.24264,47.24264,0,3136.60023,0,0.03292,0.03433,0.03165,0,0.01178,0,4515075.78597,0.0
0.0089,91.73966,215611312.10502,93848.15105,0,0.39985,0,3.18091,0,46.85394,46.85394,0,3103.20435,0,0.03292,0.03442,0.03165,0,0.01169,0,4477718.4459,0.0
0.009,91.3428,213821657.43152,93069.17624,0,0.3952,0,3.14167,0,46.46719,46.46719,0,3070.14272,0,0.03292,0.03452,0.03165,0,0.01159,0,4440551.70513,0.0
0.0091,90.9464,212041214.0659,92294.21078,0,0.39059,0,3.10276,0,46.08241,46.08241,0,3037.41229,0,0.03292,0.03462,0.03165,0,0.01149,0,4403576.26065,0.0
0.0092,90.55048,210270014.17945,91523.2687,0,0.38602,0,3.06416,0,45.69959,45.69959,0,3005.01001,0,0.03292,0.03471,0.03165,0,0.0114,0,4366792.78057,0.0
0.0093,90.15503,208508088.56586,90756.36338,0,0.38149,0,3.0259,0,45.31875,45.31875,0,2972.93289,0,0.03292,0.03481,0.03165,0,0.0113,0,4330201.90441,0.0
0.0094,89.76008,206755466.65315,89993.50765,0,0.377,0,2.98795,0,44.93989,44.93989,0,2941.17793,0,0.03292,0.0349,0.03165,0,0.01121,0,4293804.24331,0.0
0.0095,89.36563,205012176.51577,89234.71371,0,0.37254,0,2.95032,0,44.56302,44.56302,0,2909.7422,0,0.03292,0.035,0.03165,0,0.01111,0,4257600.38031,0.0
0.0096,88.97171,203278244.88681,88479.99321,0,0.36812,0,2.91301,0,44.18814,44.18814,0,2878.62275,0,0.03292,0.03509,0.03165,0,0.01102,0,4221590.87059,0.0
0.0097,88.57831,201553697.17029,87729.3572,0,0.36374,0,2.87602,0,43.81526,43.81526,0,2847.81667,0,0.03292,0.03519,0.03165,0,0.01092,0,4185776.24173,0.0
0.0098,88.18545,199838557.45358,86982.81617,0,0.35939,0,2.83933,0,43.44439,43.44439,0,2817.32108,0,0.03292,0.03528,0.03165,0,0.01083,0,4150156.99397,0.0
0.0099,87.79314,198132848.51995,86240.38004,0,0.35509,0,2.80297,0,43.07553,43.07553,0,2787.13312,0,0.03292,0.03537,0.03165,0,0.01074,0,4114733.60045,0.0
0.01,87.4014,196436591.86114,85502.05815,0,0.35082,0,2.76691,0,42.70868,42.70868,0,2757.24996,0,0.03292,0.03547,0.03165,0,0.01064,0,4079506.50751,0.0
0.0101,87.01023,194749807.69005,84767.85931,0,0.34658,0,2.73116,0,42.34386,42.34386,0,2727.66877,0,0.03292,0.03556,0.03165,0,0.01055,0,4044476.13493,0.0
0.0102,86.61965,193072514.95357,84037.79176,0,0.34238,0,2.69572,0,41.98106,41.98106,0,2698.38678,0,0.03292,0.03565,0.03165,0,0.01046,0,4009642.87617,0.0
0.0103,86.22967,191404731.34543,83311.8632,0,0.33822,0,2.66058,0,41.6203,41.6203,0,2669.40121,0,0.03292,0.03574,0.03165,0,0.01037,0,3975007.0987,0.0
0.0104,85.84029,189746473.31911,82590.08081,0,0.3341,0,2.62575,0,41.26156,41.26156,0,2640.70933,0,0.03292,0.03584,0.03165,0,0.01027,0,3940569.14422,0.0
0.0105,85.45153,188097756.10088,81872.45119,0,0.33,0,2.59122,0,40.90487,40.90487,0,2612.3084,0,0.03292,0.03593,0.03165,0,0.01018,0,3906329.32893,0.0
0.0106,85.0634,186458593.70291,81158.98046,0,0.32595,0,2.55699,0,40.55021,40.55021,0,2584.19574,0,0.03292,0.03602,0.03165,0,0.01009,0,3872287.94384,0.0
0.0107,84.6759,184828998.93637,80449.67419,0,0.32193,0,2.52306,0,40.1976,40.1976,0,2556.36866,0,0.03292,0.03611,0.03165,0,0.01,0,3838445.255,0.0
0.0108,84.28906,183208983.42465,79744.53744,0,0.31795,0,2.48942,0,39.84704,39.84704,0,2528.82452,0,0.03292,0.0362,0.03165,0,0.00991,0,3804801.50381,0.0
0.0109,83.90288,181598557.61663,79043.57475,0,0.314,0,2.45609,0,39.49853,39.49853,0,2501.56067,0,0.03292,0.03629,0.03165,0,0.00982,0,3771356.90725,0.0
0.011,83.51736,179997730.79999,78346.79018,0,0.31008,0,2.42304,0,39.15207,39.15207,0,2474.57452,0,0.03292,0.03638,0.03165,0,0.00973,0,3738111.65822,0.0
0.0111,83.13253,178406511.11456,77654.18725,0,0.3062,0,2.39028,0,38.80766,38.80766,0,2447.86347,0,0.03292,0.03647,0.03165,0,0.00964,0,3705065.92575,0.0
0.0112,82.74838,176824905.56574,76965.76903,0,0.30235,0,2.35782,0,38.46531,38.46531,0,2421.42496,0,0.03292,0.03655,0.03165,0,0.00956,0,3672219.85533,0.0
0.0113,82.36494,175252920.0379,76281.53807,0,0.29854,0,2.32564,0,38.12502,38.12502,0,2395.25644,0,0.03292,0.03664,0.03165,0,0.00947,0,3639573.56917,0.0
0.0114,81.9822,173690559.30791,75601.49645,0,0.29476,0,2.29375,0,37.78679,37.78679,0,2369.35539,0,0.03292,0.03673,0.03165,0,0.00938,0,3607127.16647,0.0
0.0115,81.60018,172137827.0586,74925.64577,0,0.29102,0,2.26215,0,37.45062,37.45062,0,2343.71931,0,0.03292,0.03682,0.03165,0,0.00929,0,3574880.72371,0.0
0.0116,81.21889,170594725.89232,74253.98718,0,0.28731,0,2.23082,0,37.11651,37.11651,0,2318.34571,0,0.03292,0.0369,0.03165,0,0.00921,0,3542834.29493,0.0
0.0117,80.83834,169061257.34447,73586.52133,0,0.28363,0,2.19978,0,36.78446,36.78446,0,2293.23213,0,0.03292,0.03699,0.03165,0,0.00912,0,3510987.91203,0.0
0.0118,80.45853,167537421.89712,72923.24843,0,0.27998,0,2.16902,0,36.45448,36.45448,0,2268.37614,0,0.03292,0.03708,0.03165,0,0.00903,0,3479341.58502,0.0
0.0119,80.07948,166023218.99254,72264.16825,0,0.27637,0,2.13853,0,36.12656,36.12656,0,2243.7753,0,0.03292,0.03716,0.03165,0,0.00895,0,3447895.3023,0.0
0.012,79.70119,164518647.04688,71609.28009,0,0.27279,0,2.10832,0,35.8007,35.8007,0,2219.42723,0,0.03292,0.03725,0.03165,0,0.00886,0,3416649.031,0.0
0.0121,79.32367,163023703.4637,70958.58282,0,0.26924,0,2.07838,0,35.47691,35.47691,0,2195.32953,0,0.03292,0.03733,0.03165,0,0.00878,0,3385602.71718,0.0
0.0122,78.94694,161538384.64766,70312.07489,0,0.26573,0,2.04872,0,35.15518,35.15518,0,2171.47986,0,0.03292,0.03742,0.03165,0,0.00869,0,3354756.28619,0.0
0.0123,78.571,160062686.0181,69669.75428,0,0.26224,0,2.01933,0,34.83551,34.83551,0,2147.87587,0,0.03292,0.0375,0.03165,0,0.00861,0,3324109.64288,0.0
0.0124,78.19585,158596602.02267,69031.6186,0,0.25879,0,1.9902,0,34.5179,34.5179,0,2124.51524,0,0.03292,0.03759,0.03165,0,0.00852,0,3293662.67196,0.0
0.0125,77.82152,157140126.15093,68397.665,0,0.25537,0,1.96134,0,34.20235,34.20235,0,2101.39567,0,0.03292,0.03767,0.03165,0,0.00844,0,3263415.23822,0.0
0.0126,77.44799,155693250.948,67767.89024,0,0.25198,0,1.93275,0,33.88887,33.88887,0,2078.51487,0,0.03292,0.03775,0.03165,0,0.00836,0,3233367.18684,0.0
0.0127,77.07529,154255968.02807,67142.29067,0,0.24862,0,1.90442,0,33.57744,33.57744,0,2055.87059,0,0.03292,0.03784,0.03165,0,0.00827,0,3203518.34366,0.0
0.0128,76.70343,152828268.08809,66520.86223,0,0.2453,0,1.87635,0,33.26806,33.26806,0,2033.46058,0,0.03292,0.03792,0.03165,0,0.00819,0,3173868.51549,0.0
0.0129,76.3324,151410140.92123,65903.6005,0,0.242,0,1.84855,0,32.96074,32.96074,0,2011.28262,0,0.03292,0.038,0.03165,0,0.00811,0,3144417.49034,0.0
0.013,75.96222,150001575.43049,65290.50063,0,0.23873,0,1.821,0,32.65547,32.65547,0,1989.3345,0,0.03292,0.03808,0.03165,0,0.00803,0,3115165.03778,0.0
0.0131,75.59289,148602559.64217,64681.55742,0,0.2355,0,1.79371,0,32.35225,32.35225,0,1967.61403,0,0.03292,0.03816,0.03165,0,0.00795,0,3086110.90912,0.0
0.0132,75.22443,147213080.7194,64076.76527,0,0.23229,0,1.76667,0,32.05108,32.05108,0,1946.11904,0,0.03292,0.03825,0.03165,0,0.00786,0,3057254.83779,0.0
0.0133,74.85684,145833124.97557,63476.11824,0,0.22912,0,1.73988,0,31.75196,31.75196,0,1924.84738,0,0.03292,0.03833,0.03165,0,0.00778,0,3028596.53954,0.0
0.0134,74.49012,144462677.8878,62879.61,0,0.22597,0,1.71335,0,31.45487,31.45487,0,1903.79693,0,0.03292,0.03841,0.03165,0,0.0077,0,3000135.71276,0.0
0.0135,74.12429,143101724.11027,62287.23386,0,0.22286,0,1.68706,0,31.15983,31.15983,0,1882.96556,0,0.03292,0.03849,0.03165,0,0.00762,0,2971872.03877,0.0
0.0136,73.75935,141750247.48764,61698.9828,0,0.21977,0,1.66103,0,30.86682,30.86682,0,1862.35118,0,0.03292,0.03857,0.03165,0,0.00754,0,2943805.18206,0.0
0.0137,73.39531,140408231.06834,61114.84945,0,0.21671,0,1.63524,0,30.57584,30.57584,0,1841.95171,0,0.03292,0.03865,0.03165,0,0.00746,0,2915934.79058,0.0
0.0138,73.03217,139075657.11783,60534.82607,0,0.21368,0,1.60969,0,30.28689,30.28689,0,1821.76509,0,0.03292,0.03872,0.03165,0,0.00739,0,2888260.49604,0.0
0.0139,72.66995,137752507.13185,59958.90462,0,0.21068,0,1.58439,0,29.99997,29.99997,0,1801.78928,0,0.03292,0.0388,0.03165,0,0.00731,0,2860781.91413,0.0
0.014,72.30864,136438761.84958,59387.07671,0,0.20771,0,1.55932,0,29.71507,29.71507,0,1782.02224,0,0.03292,0.03888,0.03165,0,0.00723,0,2833498.64488,0.0
0.0141,71.94826,135134401.26679,58819.33364,0,0.20477,0,1.5345,0,29.43218,29.43218,0,1762.46198,0,0.03292,0.03896,0.03165,0,0.00715,0,2806410.27282,0.0
0.0142,71.58882,133839404.64891,58255.66637,0,0.20185,0,1.50991,0,29.15131,29.15131,0,1743.1065,0,0.03292,0.03904,0.03165,0,0.00707,0,2779516.36736,0.0
0.0143,71.23031,132553750.54404,57696.06558,0,0.19897,0,1.48556,0,28.87245,28.87245,0,1723.95382,0,0.03292,0.03911,0.03165,0,0.007,0,2752816.483,0.0
0.0144,70.87274,131277416.79591,57140.52162,0,0.19611,0,1.46145,0,28.59559,28.59559,0,1705.00199,0,0.03292,0.03919,0.03165,0,0.00692,0,2726310.1596,0.0
0.0145,70.51613,130010380.55682,56589.02454,0,0.19328,0,1.43756,0,28.32073,28.32073,0,1686.24906,0,0.03292,0.03927,0.03165,0,0.00684,0,2699996.92267,0.0
0.0146,70.16047,128752618.30044,56041.56411,0,0.19047,0,1.41391,0,28.04787,28.04787,0,1667.69312,0,0.03292,0.03934,0.03165,0,0.00677,0,2673876.28364,0.0
0.0147,69.80578,127504105.83464,55498.12979,0,0.18769,0,1.39049,0,27.777,27.777,0,1649.33225,0,0.03292,0.03942,0.03165,0,0.00669,0,2647947.74008,0.0
0.0148,69.45206,126264818.31414,54958.71077,0,0.18494,0,1.36729,0,27.50811,27.50811,0,1631.16456,0,0.03292,0.03949,0.03165,0,0.00662,0,2622210.77602,0.0
0.0149,69.09931,125034730.25321,54423.29596,0,0.18222,0,1.34432,0,27.24121,27.24121,0,1613.18817,0,0.03292,0.03957,0.03165,0,0.00654,0,2596664.86218,0.0
0.015,68.74753,123813815.53822,53891.87399,0,0.17952,0,1.32157,0,26.97627,26.97627,0,1595.40124,0,0.03292,0.03964,0.03165,0,0.00647,0,2571309.45626,0.0
0.0151,68.39675,122602047.44016,53364.43323,0,0.17685,0,1.29905,0,26.71331,26.71331,0,1577.8019,0,0.03292,0.03972,0.03165,0,0.00639,0,2546144.00315,0.0
0.0152,68.04696,121399398.62707,52840.96177,0,0.1742,0,1.27674,0,26.45231,26.45231,0,1560.38835,0,0.03292,0.03979,0.03165,0,0.00632,0,2521167.93524,0.0
0.0153,67.69816,120205841.17637,52321.44747,0,0.17159,0,1.25465,0,26.19327,26.19327,0,1543.15876,0,0.03292,0.03986,0.03165,0,0.00624,0,2496380.67263,0.0
0.0154,67.35036,119021346.58719,51805.87792,0,0.16899,0,1.23279,0,25.93618,25.93618,0,1526.11134,0,0.03292,0.03994,0.03165,0,0.00617,0,2471781.62345,0.0
0.0155,67.00357,117845885.79254,51294.24047,0,0.16642,0,1.21113,0,25.68103,25.68103,0,1509.2443,0,0.03292,0.04001,0.03165,0,0.0061,0,2447370.18403,0.0
0.0156,66.65779,116679429.17143,50786.52222,0,0.16388,0,1.18969,0,25.42782,25.42782,0,1492.55589,0,0.03292,0.04008,0.03165,0,0.00603,0,2423145.73923,0.0
0.0157,66.31303,115521946.56094,50282.71005,0,0.16136,0,1.16847,0,25.17655,25.17655,0,1476.04436,0,0.03292,0.04016,0.03165,0,0.00595,0,2399107.66263,0.0
0.0158,65.96929,114373407.26813,49782.7906,0,0.15887,0,1.14745,0,24.92721,24.92721,0,1459.70796,0,0.03292,0.04023,0.03165,0,0.00588,0,2375255.31682,0.0
0.0159,65.62658,113233780.08196,49286.75028,0,0.1564,0,1.12665,0,24.67978,24.67978,0,1443.54499,0,0.03292,0.0403,0.03165,0,0.00581,0,2351588.05362,0.0
0.016,65.2849,112103033.28508,48794.57529,0,0.15396,0,1.10605,0,24.43427,24.43427,0,1427.55374,0,0.03292,0.04037,0.03165,0,0.00574,0,2328105.21434,0.0
0.0161,64.94425,110981134.66549,48306.2516,0,0.15154,0,1.08565,0,24.19067,24.19067,0,1411.73251,0,0.03292,0.04044,0.03165,0,0.00567,0,2304806.13001,0.0
0.0162,64.60464,109868051.52818,47821.76498,0,0.14914,0,1.06546,0,23.94896,23.94896,0,1396.07963,0,0.03292,0.04051,0.03165,0,0.0056,0,2281690.12163,0.0
0.0163,64.26608,108763750.70665,47341.10101,0,0.14677,0,1.04548,0,23.70915,23.70915,0,1380.59345,0,0.03292,0.04058,0.03165,0,0.00553,0,2258756.50043,0.0
0.0164,63.92856,107668198.57434,46864.24504,0,0.14443,0,1.02569,0,23.47123,23.47123,0,1365.27231,0,0.03292,0.04065,0.03165,0,0.00546,0,2236004.56806,0.0
0.0165,63.5921,106581361.056,46391.18223,0,0.1421,0,1.0061,0,23.23518,23.23518,0,1350.11459,0,0.03292,0.04072,0.03165,0,0.00539,0,2213433.61686,0.0
0.0166,63.25669,105503203.63888,45921.89758,0,0.1398,0,0.98672,0,23.00101,23.00101,0,1335.11867,0,0.03292,0.04079,0.03165,0,0.00532,0,2191042.93009,0.0
0.0167,62.92234,104433691.38391,45456.37587,0,0.13753,0,0.96752,0,22.7687,22.7687,0,1320.28295,0,0.03292,0.04086,0.03165,0,0.00525,0,2168831.78214,0.0
0.0168,62.58906,103372788.9368,44994.6017,0,0.13527,0,0.94853,0,22.53825,22.53825,0,1305.60584,0,0.03292,0.04093,0.03165,0,0.00518,0,2146799.4388,0.0
0.0169,62.25685,102320460.53894,44536.55953,0,0.13304,0,0.92972,0,22.30965,22.30965,0,1291.08576,0,0.03292,0.041,0.03165,0,0.00511,0,2124945.15745,0.0
0.017,61.92571,101276670.0383,44082.2336,0,0.13083,0,0.91111,0,22.08289,22.08289,0,1276.72115,0,0.03292,0.04106,0.03165,0,0.00505,0,2103268.18729,0.0
0.0171,61.59564,100241380.90017,43631.60803,0,0.12865,0,0.89269,0,21.85797,21.85797,0,1262.51048,0,0.03292,0.04113,0.03165,0,0.00498,0,2081767.76959,0.0
0.0172,61.26665,99214556.21789,43184.66674,0,0.12648,0,0.87445,0,21.63487,21.63487,0,1248.45219,0,0.03292,0.0412,0.03165,0,0.00491,0,2060443.13789,0.0
0.0173,60.93874,98196158.72334,42741.39351,0,0.12434,0,0.8564,0,21.41359,21.41359,0,1234.54479,0,0.03292,0.04126,0.03165,0,0.00485,0,2039293.51823,0.0
0.0174,60.61192,97186150.79746,42301.77198,0,0.12222,0,0.83854,0,21.19413,21.19413,0,1220.78675,0,0.03292,0.04133,0.03165,0,0.00478,0,2018318.12934,0.0
0.0175,60.28619,96184494.48063,41865.78561,0,0.12013,0,0.82086,0,20.97646,20.97646,0,1207.17659,0,0.03292,0.0414,0.03165,0,0.00471,0,1997516.1829,0.0
0.0176,59.96155,95191151.48287,41433.41774,0,0.11805,0,0.80337,0,20.76059,20.76059,0,1193.71282,0,0.03292,0.04146,0.03165,0,0.00465,0,1976886.88372,0.0
0.0177,59.63801,94206083.19409,41004.65156,0,0.11599,0,0.78605,0,20.54651,20.54651,0,1180.39399,0,0.03292,0.04153,0.03165,0,0.00458,0,1956429.42996,0.0
0.0178,59.31556,93229250.69408,40579.47014,0,0.11396,0,0.76891,0,20.3342,20.3342,0,1167.21864,0,0.03292,0.04159,0.03165,0,0.00452,0,1936143.01334,0.0
0.0179,58.99421,92260614.76253,40157.8564,0,0.11195,0,0.75196,0,20.12367,20.12367,0,1154.18533,0,0.03292,0.04166,0.03165,0,0.00445,0,1916026.81937,0.0
0.018,58.67397,91300135.88883,39739.79315,0,0.10996,0,0.73517,0,19.9149,19.9149,0,1141.29263,0,0.03292,0.04172,0.03165,0,0.00439,0,1896080.02749,0.0
0.0181,58.35483,90347774.28187,39325.26306,0,0.10799,0,0.71857,0,19.70788,19.70788,0,1128.53912,0,0.03292,0.04179,0.03165,0,0.00432,0,1876301.81134,0.0
0.0182,58.0368,89403489.87964,38914.2487,0,0.10604,0,0.70213,0,19.5026,19.5026,0,1115.92341,0,0.03292,0.04185,0.03165,0,0.00426,0,1856691.33893,0.0
0.0183,57.71989,88467242.3588,38506.73252,0,0.10411,0,0.68587,0,19.29906,19.29906,0,1103.44411,0,0.03292,0.04191,0.03165,0,0.0042,0,1837247.77286,0.0
0.0184,57.40408,87538991.14413,38102.69686,0,0.1022,0,0.66978,0,19.09725,19.09725,0,1091.09984,0,0.03292,0.04198,0.03165,0,0.00413,0,1817970.27046,0.0
0.0185,57.0894,86618695.41782,37702.12394,0,0.10031,0,0.65386,0,18.89716,18.89716,0,1078.88924,0,0.03292,0.04204,0.03165,0,0.00407,0,1798857.98405,0.0
0.0186,56.77583,85706314.12871,37304.9959,0,0.09844,0,0.6381,0,18.69878,18.69878,0,1066.81095,0,0.03292,0.0421,0.03165,0,0.00401,0,1779910.06111,0.0
0.0187,56.46338,84801806.00144,36911.29478,0,0.09659,0,0.62251,0,18.50211,18.50211,0,1054.86364,0,0.03292,0.04216,0.03165,0,0.00394,0,1761125.64443,0.0
0.0188,56.15206,83905129.5454,36521.00251,0,0.09476,0,0.60709,0,18.30712,18.30712,0,1043.04598,0,0.03292,0.04223,0.03165,0,0.00388,0,1742503.87238,0.0
0.0189,55.84186,83016243.06369,36134.10096,0,0.09295,0,0.59183,0,18.11382,18.11382,0,1031.35665,0,0.03292,0.04229,0.03165,0,0.00382,0,1724043.87899,0.0
0.019,55.53278,82135104.6619,35750.57187,0,0.09115,0,0.57673,0,17.92219,17.92219,0,1019.79435,0,0.03292,0.04235,0.03165,0,0.00376,0,1705744.79423,0.0
0.0191,55.22484,81261672.25677,35370.39693,0,0.08938,0,0.56179,0,17.73223,17.73223,0,1008.35778,0,0.03292,0.04241,0.03165,0,0.0037,0,1687605.74413,0.0
0.0192,54.91803,80395903.58485,34993.55776,0,0.08763,0,0.54701,0,17.54393,17.54393,0,997.04568,0,0.03292,0.04247,0.03165,0,0.00364,0,1669625.85099,0.0
0.0193,54.61234,79537756.21089,34620.03587,0,0.08589,0,0.53238,0,17.35727,17.35727,0,985.85677,0,0.03292,0.04253,0.03165,0,0.00358,0,1651804.23352,0.0
0.0194,54.3078,78687187.53625,34249.81273,0,0.08417,0,0.51792,0,17.17226,17.17226,0,974.78979,0,0.03292,0.04259,0.03165,0,0.00352,0,1634140.00707,0.0
0.0195,54.00438,77844154.8072,33882.86972,0,0.08247,0,0.5036,0,16.98887,16.98887,0,963.84349,0,0.03292,0.04265,0.03165,0,0.00346,0,1616632.28373,0.0
0.0196,53.70211,77008615.12299,33519.18818,0,0.08079,0,0.48945,0,16.80711,16.80711,0,953.01666,0,0.03292,0.04271,0.03165,0,0.0034,0,1599280.17256,0.0
0.0197,53.40097,76180525.44399,33158.74937,0,0.07913,0,0.47544,0,16.62695,16.62695,0,942.30805,0,0.03292,0.04277,0.03165,0,0.00334,0,1582082.77974,0.0
0.0198,53.10097,75359842.59958,32801.53449,0,0.07749,0,0.46158,0,16.4484,16.4484,0,931.71647,0,0.03292,0.04283,0.03165,0,0.00328,0,1565039.20872,0.0
0.0199,52.80212,74546523.29597,32447.52472,0,0.07586,0,0.44788,0,16.27145,16.27145,0,921.24071,0,0.03292,0.04289,0.03165,0,0.00322,0,1548148.56039,0.0
0.02,52.5044,73740524.12399,32096.70114,0,0.07425,0,0.43432,0,16.09607,16.09607,0,910.87959,0,0.03292,0.04295,0.03165,0,0.00316,0,1531409.93326,0.0
0.0201,52.20783,72941801.56666,31749.04482,0,0.07266,0,0.42091,0,15.92228,15.92228,0,900.63192,0,0.03292,0.043,0.03165,0,0.00311,0,1514822.42357,0.0
0.0202,51.91241,72150312.00674,31404.53677,0,0.07108,0,0.40764,0,15.75004,15.75004,0,890.49653,0,0.03292,0.04306,0.03165,0,0.00305,0,1498385.12551,0.0
0.0203,51.61813,71366011.73411,31063.15798,0,0.06952,0,0.39452,0,15.57937,15.57937,0,880.47228,0,0.03292,0.04312,0.03165,0,0.00299,0,1482097.13132,0.0
0.0204,51.32499,70588856.95309,30724.88936,0,0.06798,0,0.38154,0,15.41024,15.41024,0,870.55802,0,0.03292,0.04318,0.03165,0,0.00293,0,1465957.53148,0.0
0.0205,51.033,69818803.78966,30389.71184,0,0.06646,0,0.3687,0,15.24264,15.24264,0,860.75261,0,0.03292,0.04323,0.03165,0,0.00288,0,1449965.41484,0.0
0.0206,50.74216,69055808.29853,30057.60628,0,0.06495,0,0.356,0,15.07658,15.07658,0,851.05492,0,0.03292,0.04329,0.03165,0,0.00282,0,1434119.86874,0.0
0.0207,50.45247,68299826.4701,29728.55352,0,0.06346,0,0.34344,0,14.91204,14.91204,0,841.46385,0,0.03292,0.04334,0.03165,0,0.00276,0,1418419.97923,0.0
0.0208,50.16393,67550814.23743,29402.53439,0,0.06198,0,0.33102,0,14.749,14.749,0,831.97829,0,0.03292,0.0434,0.03165,0,0.00271,0,1402864.83113,0.0
0.0209,49.87654,66808727.48294,29079.52967,0,0.06053,0,0.31873,0,14.58746,14.58746,0,822.59715,0,0.03292,0.04346,0.03165,0,0.00265,0,1387453.50824,0.0
0.021,49.5903,66073522.04513,28759.52016,0,0.05908,0,0.30658,0,14.42742,14.42742,0,813.31934,0,0.03292,0.04351,0.03165,0,0.0026,0,1372185.09344,0.0
0.0211,49.3052,65345153.72512,28442.48661,0,0.05766,0,0.29457,0,14.26885,14.26885,0,804.14379,0,0.03292,0.04357,0.03165,0,0.00254,0,1357058.66881,0.0
0.0212,49.02126,64623578.29316,28128.40977,0,0.05624,0,0.28268,0,14.11176,14.11176,0,795.06944,0,0.03292,0.04362,0.03165,0,0.00249,0,1342073.31581,0.0
0.0213,48.73848,63908751.49499,27817.27037,0,0.05485,0,0.27093,0,13.95613,13.95613,0,786.09523,0,0.03292,0.04368,0.03165,0,0.00243,0,1327228.1154,0.0
0.0214,48.45684,63200629.05809,27509.04915,0,0.05347,0,0.25931,0,13.80195,13.80195,0,777.22013,0,0.03292,0.04373,0.03165,0,0.00238,0,1312522.14813,0.0
0.0215,48.17635,62499166.69782,27203.72683,0,0.0521,0,0.24781,0,13.64921,13.64921,0,768.44309,0,0.03292,0.04378,0.03165,0,0.00233,0,1297954.49433,0.0
0.0216,47.89702,61804320.12358,26901.28414,0,0.05075,0,0.23645,0,13.49791,13.49791,0,759.76311,0,0.03292,0.04384,0.03165,0,0.00227,0,1283524.2342,0.0
0.0217,47.61884,61116045.04464,26601.70179,0,0.04942,0,0.22521,0,13.34803,13.34803,0,751.17915,0,0.03292,0.04389,0.03165,0,0.00222,0,1269230.44791,0.0
0.0218,47.34181,60434297.17613,26304.96051,0,0.0481,0,0.21409,0,13.19957,13.19957,0,742.69023,0,0.03292,0.04394,0.03165,0,0.00217,0,1255072.21578,0.0
0.0219,47.06594,59759032.24472,26011.04103,0,0.04679,0,0.2031,0,13.05251,13.05251,0,734.29534,0,0.03292,0.044,0.03165,0,0.00211,0,1241048.61836,0.0
0.022,46.79121,59090205.9943,25719.92408,0,0.0455,0,0.19223,0,12.90684,12.90684,0,725.99349,0,0.03292,0.04405,0.03165,0,0.00206,0,1227158.73657,0.0
0.0221,46.51764,58427774.19159,25431.59041,0,0.04423,0,0.18149,0,12.76257,12.76257,0,717.78372,0,0.03292,0.0441,0.03165,0,0.00201,0,1213401.65178,0.0
0.0222,46.24522,57771692.63155,25146.02079,0,0.04297,0,0.17086,0,12.61967,12.61967,0,709.66506,0,0.03292,0.04415,0.03165,0,0.00196,0,1199776.44596,0.0
0.0223,45.97395,57121917.14281,24863.19598,0,0.04172,0,0.16036,0,12.47813,12.47813,0,701.63654,0,0.03292,0.0442,0.03165,0,0.00191,0,1186282.20179,0.0
0.0224,45.70383,56478403.59287,24583.09678,0,0.04048,0,0.14997,0,12.33796,12.33796,0,693.69723,0,0.03292,0.04425,0.03165,0,0.00186,0,1172918.00274,0.0
0.0225,45.43486,55841107.89337,24305.70399,0,0.03926,0,0.1397,0,12.19913,12.19913,0,685.84618,0,0.03292,0.04431,0.03165,0,0.0018,0,1159682.9332,0.0
0.0226,45.16704,55209986.00511,24030.99845,0,0.03806,0,0.12954,0,12.06164,12.06164,0,678.08246,0,0.03292,0.04436,0.03165,0,0.00175,0,1146576.07859,0.0
0.0227,44.90037,54584993.94305,23758.96101,0,0.03686,0,0.1195,0,11.92548,11.92548,0,670.40515,0,0.03292,0.04441,0.03165,0,0.0017,0,1133596.52544,0.0
0.0228,44.63485,53966087.78123,23489.57255,0,0.03569,0,0.10957,0,11.79064,11.79064,0,662.81334,0,0.03292,0.04446,0.03165,0,0.00165,0,1120743.36152,0.0
0.0229,44.37048,53353223.65754,23222.81398,0,0.03452,0,0.09976,0,11.65711,11.65711,0,655.30612,0,0.03292,0.04451,0.03165,0,0.0016,0,1108015.67593,0.0
0.023,44.10726,52746357.77848,22958.66624,0,0.03337,0,0.09006,0,11.52489,11.52489,0,647.8826,0,0.03292,0.04456,0.03165,0,0.00155,0,1095412.55917,0.0
0.0231,43.84518,52145446.42371,22697.1103,0,0.03223,0,0.08047,0,11.39395,11.39395,0,640.5419,0,0.03292,0.04461,0.03165,0,0.0015,0,1082933.10328,0.0
0.0232,43.58425,51550445.95064,22438.12716,0,0.0311,0,0.07098,0,11.2643,11.2643,0,633.28313,0,0.03292,0.04465,0.03165,0,0.00146,0,1070576.40192,0.0
0.0233,43.32446,50961312.79882,22181.69786,0,0.02999,0,0.06161,0,11.13592,11.13592,0,626.10543,0,0.03292,0.0447,0.03165,0,0.00141,0,1058341.55044,0.0
0.0234,43.06582,50378003.49432,21927.80349,0,0.02889,0,0.05234,0,11.0088,11.0088,0,619.00793,0,0.03292,0.04475,0.03165,0,0.00136,0,1046227.646,0.0
0.0235,42.80832,49800474.65396,21676.42515,0,0.0278,0,0.04318,0,10.88294,10.88294,0,611.98978,0,0.03292,0.0448,0.03165,0,0.00131,0,1034233.78762,0.0
0.0236,42.55196,49228682.98953,21427.544,0,0.02672,0,0.03412,0,10.75832,10.75832,0,605.05014,0,0.03292,0.04485,0.03165,0,0.00126,0,1022359.07633,0.0
0.0237,42.29675,48662585.3118,21181.14125,0,0.02566,0,0.02517,0,10.63494,10.63494,0,598.18818,0,0.03292,0.0449,0.03165,0,0.00121,0,1010602.61518,0.0
0.0238,42.04267,48102138.53458,20937.19814,0,0.02461,0,0.01632,0,10.51278,10.51278,0,591.40306,0,0.03292,0.04494,0.03165,0,0.00117,0,998963.50938,0.0
0.0239,41.78974,47547299.67859,20695.69597,0,0.02357,0,0.00758,0,10.39184,10.39184,0,584.69396,0,0.03292,0.04499,0.03165,0,0.00112,0,987440.86637,0.0
0.024,41.53794,46998025.8753,20456.61607,0,0.02254,0,-0.00107,0,10.27211,10.27211,0,578.06007,0,0.03292,0.04504,0.03165,0,0.00107,0,976033.79585,0.0
0.0241,41.28728,46454274.37068,20219.93983,0,0.02153,0,-0.00962,0,10.15358,10.15358,0,571.5006,0,0.03292,0.04508,0.03165,0,0.00103,0,964741.40995,0.0
0.0242,41.03775,45916002.52884,19985.64871,0,0.02052,0,-0.01806,0,10.03624,10.03624,0,565.01473,0,0.03292,0.04513,0.03165,0,0.00098,0,953562.8232,0.0
0.0243,40.78936,45383167.83562,19753.72418,0,0.01953,0,-0.02641,0,9.92008,9.92008,0,558.60169,0,0.03292,0.04518,0.03165,0,0.00093,0,942497.15271,0.0
0.0244,40.5421,44855727.90206,19524.14781,0,0.01855,0,-0.03467,0,9.80509,9.80509,0,552.2607,0,0.03292,0.04522,0.03165,0,0.00089,0,931543.51815,0.0
0.0245,40.29598,44333640.46782,19296.9012,0,0.01758,0,-0.04282,0,9.69126,9.69126,0,545.99097,0,0.03292,0.04527,0.03165,0,0.00084,0,920701.04188,0.0
0.0246,40.05098,43816863.40455,19071.96601,0,0.01662,0,-0.05088,0,9.57859,9.57859,0,539.79175,0,0.03292,0.04531,0.03165,0,0.0008,0,909968.849,0.0
0.0247,39.80711,43305354.71908,18849.32396,0,0.01568,0,-0.05885,0,9.46706,9.46706,0,533.66227,0,0.03292,0.04536,0.03165,0,0.00075,0,899346.06741,0.0
0.0248,39.56437,42799072.55661,18628.95683,0,0.01474,0,-0.06673,0,9.35666,9.35666,0,527.60179,0,0.03292,0.0454,0.03165,0,0.00071,0,888831.8279,0.0
0.0249,39.32275,42297975.20384,18410.84648,0,0.01382,0,-0.07451,0,9.24739,9.24739,0,521.60957,0,0.03292,0.04545,0.03165,0,0.00066,0,878425.26417,0.0
0.025,39.08226,41802021.09194,18194.9748,0,0.0129,0,-0.0822,0,9.13924,9.13924,0,515.68486,0,0.03292,0.04549,0.03165,0,0.00062,0,868125.51295,0.0
0.0251,38.84289,41311168.79953,17981.32376,0,0.012,0,-0.0898,0,9.03219,9.03219,0,509.82695,0,0.03292,0.04554,0.03165,0,0.00057,0,857931.71401,0.0
0.0252,38.60464,40825377.05551,17769.87541,0,0.01111,0,-0.09731,0,8.92625,8.92625,0,504.0351,0,0.03292,0.04558,0.03165,0,0.00053,0,847843.01026,0.0
0.0253,38.3675,40344604.7419,17560.61184,0,0.01022,0,-0.10474,0,8.8214,8.8214,0,498.30861,0,0.03292,0.04562,0.03165,0,0.00049,0,837858.54778,0.0
0.0254,38.13149,39868810.89649,17353.51522,0,0.00935,0,-0.11207,0,8.71762,8.71762,0,492.64677,0,0.03292,0.04567,0.03165,0,0.00044,0,827977.47588,0.0
0.0255,37.89659,39397954.71554,17148.56781,0,0.00849,0,-0.11932,0,8.61492,8.61492,0,487.04887,0,0.03292,0.04571,0.03165,0,0.0004,0,818198.94716,0.0
0.0256,37.6628,38931995.55634,16945.75189,0,0.00764,0,-0.12648,0,8.51329,8.51329,0,481.51423,0,0.03292,0.04575,0.03165,0,0.00036,0,808522.11758,0.0
0.0257,37.43012,38470892.93969,16745.04986,0,0.0068,0,-0.13356,0,8.41271,8.41271,0,476.04216,0,0.03292,0.0458,0.03165,0,0.00031,0,798946.14649,0.0
0.0258,37.19856,38014606.55236,16546.44417,0,0.00597,0,-0.14056,0,8.31317,8.31317,0,470.63198,0,0.03292,0.04584,0.03165,0,0.00027,0,789470.19668,0.0
0.0259,36.96809,37563096.24941,16349.91734,0,0.00515,0,-0.14747,0,8.21468,8.21468,0,465.28302,0,0.03292,0.04588,0.03165,0,0.00023,0,780093.43443,0.0
0.026,36.73874,37116322.05655,16155.45198,0,0.00433,0,-0.1543,0,8.11721,8.11721,0,459.99461,0,0.03292,0.04592,0.03165,0,0.00019,0,770815.02957,0.0
0.0261,36.51049,36674244.17228,15963.03076,0,0.00353,0,-0.16105,0,8.02077,8.02077,0,454.7661,0,0.03292,0.04596,0.03165,0,0.00015,0,761634.15554,0.0
0.0262,36.28334,36236822.97011,15772.63643,0,0.00274,0,-0.16772,0,7.92533,7.92533,0,449.59683,0,0.03292,0.04601,0.03165,0,0.0001,0,752549.98938,0.0
0.0263,36.05728,35804019.00064,15584.25182,0,0.00196,0,-0.17431,0,7.8309,7.8309,0,444.48615,0,0.03292,0.04605,0.03165,0,6e-05,0,743561.71182,0.0
0.0264,0.0,0.0,0.0,0,0.00118,0,-0.18082,0,7.73747,7.73747,0,439.43343,0,0.03292,0.04609,0.03165,0,2e-05,0,0.0,0.0
